Title,Director Last Name,Director First Name,Year,Rating
Casino Royale,Martin Campbell,2006,4
Skyfall,Sam Mendes,2012,3.9
Goldfinger,Guy Hamilton,1964,3.85
From Russia with Love,Terence Young,1963,3.65
No Time to Die,Cary Fukunaga,2021,3.65
GoldenEye,Martin Campbell,1995,3.6
Dr. No,Terence Young,1962,3.6
The Spy Who Loved Me,Lewis Gilbert,1977,3.5
Thunderball,Terence Young,1965,3.45
Spectre,Sam Mendes,2015,3.4
You Only Live Twice,Lewis Gilbert,1967,3.4
For Your Eyes Only,John Glen,1981,3.35
The Living Daylights,John Glen,1987,3.35
On Her Majesty's Secret Service,Peter Hunt,1969,3.35
The Man with the Golden Gun,Guy Hamilton,1974,3.35
Live and Let Die,Guy Hamilton,1973,3.35
Quantum of Solace,Marc Forster,2008,3.3
Licence to Kill,John Glen,1989,3.3
Diamonds Are Forever,Guy Hamilton,1971,3.25
Octopussy,John Glen,1983,3.25
Tomorrow Never Dies,Roger Spottiswoode,1997,3.25
The World Is Not Enough,Michael Apted,1999,3.2
A View to a Kill,John Glen,1985,3.15
Moonraker,Lewis Gilbert,1979,3.1
Die Another Day,Lee Tamahori,2002,3.05
