Team,Wins,Losses,Ties,Win/Loss Percent,Points For,Points Against,Points Differential,Margin of Victory,Won Division,Wildcard
Arizona Cardinals,3,13,0,0.188,225,425,-200,-12.5,FALSE,FALSE
Atlanta Falcons,7,9,0,0.438,414,423,-9,-0.6,FALSE,FALSE
Baltimore Ravens,10,6,0,0.625,389,287,102,6.4,TRUE,FALSE
Buffalo Bills,6,10,0,0.375,269,374,-105,-6.6,FALSE,FALSE
Carolina Panthers,7,9,0,0.438,376,382,-6,-0.4,FALSE,FALSE
Chicago Bears,12,4,0,0.75,421,283,138,8.6,TRUE,FALSE
Cincinnati Bengals,6,10,0,0.375,368,455,-87,-5.4,FALSE,FALSE
Cleveland Browns,7,8,1,0.469,359,392,-33,-2.1,FALSE,FALSE
Dallas Cowboys,10,6,0,0.625,339,324,15,0.9,TRUE,FALSE
Denver Broncos,6,10,0,0.375,329,349,-20,-1.3,FALSE,FALSE
Detroit Lions,6,10,0,0.375,324,360,-36,-2.3,FALSE,FALSE
Green Bay Packers,6,9,1,0.406,376,400,-24,-1.5,FALSE,FALSE
Houston Texans,11,5,0,0.688,402,316,86,5.4,TRUE,FALSE
Indianapolis Colts,10,6,0,0.625,433,344,89,5.6,FALSE,TRUE
Jacksonville Jaguars,5,11,0,0.313,245,316,-71,-4.4,FALSE,FALSE
Kansas City Chiefs,12,4,0,0.75,565,421,144,9,TRUE,FALSE
Los Angeles Chargers,12,4,0,0.75,428,329,99,6.2,FALSE,TRUE
Los Angeles Rams,13,3,0,0.813,527,384,143,8.9,TRUE,FALSE
Miami Dolphins,7,9,0,0.438,319,433,-114,-7.1,FALSE,FALSE
Minnesota Vikings,8,7,1,0.531,360,341,19,1.2,FALSE,FALSE
New England Patriots,11,5,0,0.688,436,325,111,6.9,TRUE,FALSE
New Orleans Saints,13,3,0,0.813,504,353,151,9.4,TRUE,FALSE
New York Giants,5,11,0,0.313,369,412,-43,-2.7,FALSE,FALSE
New York Jets,4,12,0,0.25,333,441,-108,-6.8,FALSE,FALSE
Oakland Raiders,4,12,0,0.25,290,467,-177,-11.1,FALSE,FALSE
Philadelphia Eagles,9,7,0,0.563,367,348,19,1.2,FALSE,TRUE
Pittsburgh Steelers,9,6,1,0.594,428,360,68,4.3,FALSE,FALSE
San Francisco 49ers,4,12,0,0.25,342,435,-93,-5.8,FALSE,FALSE
Seattle Seahawks,10,6,0,0.625,428,347,81,5.1,FALSE,TRUE
Tampa Bay Buccaneers,5,11,0,0.313,396,464,-68,-4.3,FALSE,FALSE
Tennessee Titans,9,7,0,0.563,310,303,7,0.4,FALSE,FALSE
Washington Commanders,7,9,0,0.438,281,359,-78,-4.9,FALSE,FALSE
